Production,Vente,diff,stock,perte,pourcent_fuite,fuite,,,,,
9 846,12450,-2 604,-2 931,327,"3,3",oui,,,,,
10417,9338,1079,862,217,"2,1",oui,,,,,
9449,9583,-134,-524,390,"4,1",oui,,,,713,
10183,9549,634,482,152,"1,5",oui,,,,294,
10140,8663,1477,12,1 465,"14,4",oui,,,,,
10529,9265,1264,1 203,61,"0,6",non,,,,,
10563,9835,728,663,65,"0,6",non,,,,,
10326,9594,732,636,96,"0,9",non,,,,Max perte,9681
9944,8642,1302,846,456,"4,6",oui,,,,min perte,1
10210,9092,1118,823,295,"2,9",oui,,,,Max diff,10828
10069,9469,600,344,256,"2,5",oui,,,,MIN DIFF,-6836
10504,8465,2039,45,1 994,"19,0",oui,,,,max stock,10659
9910,9514,396,99,297,"3,0",oui,,,,min stock,-7089
10019,9815,204,182,22,"0,2",non,,,,,
10864,9425,1439,1 166,273,"2,5",oui,,,,,
9811,9510,301,-52,353,"3,6",oui,,,,,
10918,8978,1940,1 816,124,"1,1",non,,,,,
10548,9782,766,510,256,"2,4",oui,,,,,
10669,9765,904,802,102,"1,0",non,,,,,
10075,9054,1021,1 010,11,"0,1",non,,,,,
10005,9039,966,576,390,"3,9",oui,,,,,
10290,9749,541,275,266,"2,6",oui,,,,,
9607,9043,564,152,412,"4,3",oui,,,,,
10674,9594,1080,672,408,"3,8",oui,,,,,
10099,9588,511,22,489,"4,8",oui,,,,,
9990,8023,1967,1 767,200,"2,0",oui,,,,,
10427,9240,1187,953,234,"2,2",oui,,,,,
10193,9438,755,743,12,"0,1",non,,,,,
10190,9851,339,214,125,"1,2",non,,,,,
9767,9215,552,477,75,"0,8",non,,,,,
9635,6550,3085,2 928,157,"1,6",oui,,,,,
10622,8737,1885,1 761,124,"1,2",non,,,,,
10775,8963,1812,1 520,292,"2,7",oui,,,,,
10100,9478,622,555,67,"0,7",non,,,,,
9565,9032,533,363,170,"1,8",oui,,,,,
10371,8598,1773,45,1 728,"16,7",oui,,,,,
10970,8773,2197,99,2 098,"19,1",oui,,,,,
10772,8802,1970,1 909,61,"0,6",non,,,,,
9390,7439,1951,7,1 944,"20,7",oui,,,,,
9310,9182,128,-280,408,"4,4",oui,,,,,
9743,8966,777,597,180,"1,8",oui,,,,,
10225,8932,1293,1 239,54,"0,5",non,,,,,
10933,9301,1632,1 165,467,"4,3",oui,,,,,
10291,9253,1038,720,318,"3,1",oui,,,,,
9816,9409,407,268,139,"1,4",non,,,,,
9687,7864,1823,1 500,323,"3,3",oui,,,,,
9876,9256,620,505,115,"1,2",non,,,,,
9859,9371,488,275,213,"2,2",oui,,,,,
9724,9397,327,236,91,"0,9",non,,,,,
8497,7489,1008,860,148,"1,7",non,,,,,
9972,6785,3187,21,3 166,"31,7",oui,,,,,
9739,9510,229,-101,330,"3,4",oui,,,,,
8993,6272,2721,23,2 698,"30,0",oui,,,,,
9983,9287,696,679,17,"0,2",non,,,,,
10501,9312,1189,711,478,"4,6",oui,,,,,
10428,8001,2427,2 201,226,"2,2",oui,,,,,
10080,9100,980,876,104,"1,0",non,,,,,
10647,6444,4203,345,3 858,"36,2",oui,,,,,
9704,0,9704,23,9 681,"99,8",oui,,,,,
9651,0,9651,345,9 306,"96,4",oui,,,,,
9473,9548,-75,-441,366,"3,9",oui,,,,,
9698,8160,1538,1 062,476,"4,9",oui,,,,,
10102,9591,511,24,487,"4,8",oui,,,,,
9739,9556,183,28,155,"1,6",oui,,,,,
10192,9313,879,640,239,"2,3",oui,,,,,
9648,9052,596,567,29,"0,3",non,,,,,
10272,9532,740,252,488,"4,8",oui,,,,,
10094,9500,594,465,129,"1,3",non,,,,,
9627,7751,1876,1 773,103,"1,1",non,,,,,
9992,9179,813,670,143,"1,4",non,,,,,
9579,8154,1425,1 024,401,"4,2",oui,,,,,
9538,8686,852,678,174,"1,8",oui,,,,,
9592,7751,1841,1 498,343,"3,6",oui,,,,,
10285,9562,723,234,489,"4,8",oui,,,,,
10211,9402,809,733,76,"0,7",non,,,,,
9751,5279,4472,4 454,18,"0,2",non,,,,,
9842,9292,550,444,106,"1,1",non,,,,,
9810,9403,407,178,229,"2,3",oui,,,,,
9536,7773,1763,1 379,384,"4,0",oui,,,,,
7921,7892,29,-170,199,"2,5",oui,,,,,
9757,8124,1633,1 317,316,"3,2",oui,,,,,
9982,9464,518,71,447,"4,5",oui,,,,,
9781,7800,1981,1 851,130,"1,3",non,,,,,
9911,5862,4049,3 797,252,"2,5",oui,,,,,
6769,9020,-2251,-2 297,46,"0,7",non,,,,,
9721,9564,157,76,81,"0,8",non,,,,,
10166,8009,2157,2 013,144,"1,4",non,,,,,
10811,9533,1278,994,284,"2,6",oui,,,,,
10568,7112,3456,3 413,43,"0,4",non,,,,,
9247,9471,-224,-501,277,"3,0",oui,,,,,
10334,8146,2188,2 140,48,"0,5",non,,,,,
9828,8383,1445,1 153,292,"3,0",oui,,,,,
8973,7822,1151,881,270,"3,0",oui,,,,,
9408,7518,1890,1 455,435,"4,6",oui,,,,,
8198,8915,-717,-841,124,"1,5",non,,,,,
8910,7885,1025,947,78,"0,9",non,,,,,
8520,6610,1910,1 864,46,"0,5",non,,,,,
9515,8226,1289,845,444,"4,7",oui,,,,,
7192,5420,1772,1 513,259,"3,6",oui,,,,,
8088,9670,-1582,-2 058,476,"5,9",oui,,,,,
7906,6572,1334,1 299,35,"0,4",non,,,,,
7633,5663,1970,1 671,299,"3,9",oui,,,,,
7693,8267,-574,-900,326,"4,2",oui,,,,,
9971,8519,1452,1 077,375,"3,8",oui,,,,,
9586,8182,1404,930,474,"4,9",oui,,,,,
9439,8197,1242,1 026,216,"2,3",oui,,,,,
9665,9352,313,301,12,"0,1",non,,,,,
9762,6372,3390,3 206,184,"1,9",oui,,,,,
8949,9130,-181,-507,326,"3,6",oui,,,,,
8874,7778,1096,717,379,"4,3",oui,,,,,
9016,8504,512,511,1,"0,0",non,,,,,
8845,8047,798,359,439,"5,0",oui,,,,,
8672,7579,1093,909,184,"2,1",oui,,,,,
8358,6693,1665,1 492,173,"2,1",oui,,,,,
8434,7738,696,638,58,"0,7",non,,,,,
9385,8935,450,296,154,"1,6",oui,,,,,
8719,7929,790,743,47,"0,5",non,,,,,
8820,7607,1213,1 177,36,"0,4",non,,,,,
8184,8767,-583,-639,56,"0,7",non,,,,,
8913,7962,951,542,409,"4,6",oui,,,,,
9496,7565,1931,1 625,306,"3,2",oui,,,,,
8947,7925,1022,977,45,"0,5",non,,,,,
8408,7398,1010,881,129,"1,5",non,,,,,
7842,7602,240,-77,317,"4,0",oui,,,,,
7676,6123,1553,1 484,69,"0,9",non,,,,,
8877,9569,-692,-1 146,454,"5,1",oui,,,,,
7219,6445,774,649,125,"1,7",non,,,,,
8325,7862,463,277,186,"2,2",oui,,,,,
8323,7731,592,333,259,"3,1",oui,,,,,
9037,8007,1030,899,131,"1,4",non,,,,,
9004,7706,1298,1 031,267,"3,0",oui,,,,,
8832,7487,1345,1 207,138,"1,6",non,,,,,
8847,9590,-743,-887,144,"1,6",non,,,,,
9013,7878,1135,884,251,"2,8",oui,,,,,
8497,8645,-148,-572,424,"5,0",oui,,,,,
8987,7977,1010,628,382,"4,3",oui,,,,,
9129,8449,680,292,388,"4,3",oui,,,,,
9230,9083,147,60,87,"0,9",non,,,,,
8666,8163,503,369,134,"1,5",non,,,,,
8541,8121,420,340,80,"0,9",non,,,,,
8979,7697,1282,852,430,"4,8",oui,,,,,
8448,7819,629,179,450,"5,3",oui,,,,,
7841,6664,1177,1 078,99,"1,3",non,,,,,
7561,5568,1993,1 519,474,"6,3",oui,,,,,
8680,9115,-435,-873,438,"5,0",oui,,,,,
8040,7184,856,774,82,"1,0",non,,,,,
8494,7773,721,616,105,"1,2",non,,,,,
6296,3885,2411,1 999,412,"6,5",oui,,,,,
8169,9291,-1122,-1 515,393,"4,8",oui,,,,,
7756,5607,2149,1 829,320,"4,1",oui,,,,,
8130,8015,115,-307,422,"5,2",oui,,,,,
7997,7033,964,475,489,"6,1",oui,,,,,
7345,7649,-304,-562,258,"3,5",oui,,,,,
7228,7259,-31,-388,357,"4,9",oui,,,,,
7866,6973,893,841,52,"0,7",non,,,,,
9420,8513,907,674,233,"2,5",oui,,,,,
9384,8568,816,745,71,"0,8",non,,,,,
9435,8404,1031,809,222,"2,4",oui,,,,,
10463,7296,3167,2 887,280,"2,7",oui,,,,,
10812,11238,-426,-543,117,"1,1",non,,,,,
9950,5863,4087,3 842,245,"2,5",oui,,,,,
9586,11156,-1570,-1 997,427,"4,5",oui,,,,,
9780,9047,733,398,335,"3,4",oui,,,,,
9440,7995,1445,1 241,204,"2,2",oui,,,,,
9124,8452,672,452,220,"2,4",oui,,,,,
8867,7473,1394,1 152,242,"2,7",oui,,,,,
9427,5710,3717,3 621,96,"1,0",non,,,,,
9500,7016,2484,2 153,331,"3,5",oui,,,,,
8728,6442,2286,2 153,133,"1,5",non,,,,,
8465,12714,-4249,-4 489,240,"2,8",oui,,,,,
8785,8971,-186,-366,180,"2,0",oui,,,,,
9740,8168,1572,1 489,83,"0,9",non,,,,,
9679,9077,602,543,59,"0,6",non,,,,,
9328,8329,999,510,489,"5,2",oui,,,,,
9392,7552,1840,1 481,359,"3,8",oui,,,,,
9087,5677,3410,3 257,153,"1,7",oui,,,,,
8579,10107,-1528,-1 926,398,"4,6",oui,,,,,
9305,8982,323,72,251,"2,7",oui,,,,,
9103,7152,1951,1 733,218,"2,4",oui,,,,,
8804,8219,585,269,316,"3,6",oui,,,,,
9332,6420,2912,2 478,434,"4,7",oui,,,,,
9196,9744,-548,-636,88,"1,0",non,,,,,
9671,9724,-53,-188,135,"1,4",non,,,,,
9109,9324,-215,-616,401,"4,4",oui,,,,,
7460,10664,-3204,-3 350,146,"2,0",non,,,,,
11103,6848,4255,3 765,490,"4,4",oui,,,,,
10213,3998,6215,6 132,83,"0,8",non,,,,,
8286,11157,-2871,-2 900,29,"0,3",non,,,,,
10353,9678,675,369,306,"3,0",oui,,,,,
10422,8027,2395,2 392,3,"0,0",non,,,,,
7983,7936,47,20,27,"0,3",non,,,,,
11319,11246,73,-240,313,"2,8",oui,,,,,
10623,13288,-2665,-3 159,494,"4,7",oui,,,,,
7965,6355,1610,1 282,328,"4,1",oui,,,,,
11623,3568,8055,7 934,121,"1,0",non,,,,,
10480,2837,7643,7 217,426,"4,1",oui,,,,,
7943,8842,-899,-1 073,174,"2,2",oui,,,,,
8891,10903,-2012,-2 472,460,"5,2",oui,,,,,
11596,768,10828,10 659,169,"1,5",oui,,,,,
11739,7021,4718,4 612,106,"0,9",non,,,,,
9378,11126,-1748,-1 807,59,"0,6",non,,,,,
11231,9640,1591,1 310,281,"2,5",oui,,,,,
10031,8979,1052,696,356,"3,5",oui,,,,,
10503,5883,4620,4 436,184,"1,8",oui,,,,,
11307,5483,5824,5 746,78,"0,7",non,,,,,
11656,1265,10391,10 035,356,"3,1",oui,,,,,
8812,12078,-3266,-3 746,480,"5,4",oui,,,,,
8360,7726,634,480,154,"1,8",oui,,,,,
11304,5766,5538,5 216,322,"2,8",oui,,,,,
11232,5411,5821,5 528,293,"2,6",oui,,,,,
8130,5519,2611,2 110,501,"6,2",oui,,,,,
8720,5951,2769,2 664,105,"1,2",non,,,,,
7917,2755,5162,5 131,31,"0,4",non,,,,,
8555,5877,2678,2 485,193,"2,3",oui,,,,,
7812,10888,-3076,-3 104,28,"0,4",non,,,,,
8791,3254,5537,5 472,65,"0,7",non,,,,,
6450,4953,1497,1 272,225,"3,5",oui,,,,,
8949,2386,6563,6 480,83,"0,9",non,,,,,
11522,2340,9182,8 769,413,"3,6",oui,,,,,
9905,10815,-910,-1 268,358,"3,6",oui,,,,,
11761,2156,9605,9 306,299,"2,5",oui,,,,,
11938,4711,7227,7 078,149,"1,2",non,,,,,
7407,3887,3520,3 040,480,"6,5",oui,,,,,
10082,4384,5698,5 600,98,"1,0",non,,,,,
10635,9282,1353,1 328,25,"0,2",non,,,,,
10828,8511,2317,2 044,273,"2,5",oui,,,,,
11932,7693,4239,4 195,44,"0,4",non,,,,,
7734,6284,1450,1 131,319,"4,1",oui,,,,,
8561,6274,2287,2 191,96,"1,1",non,,,,,
8162,9403,-1241,-1 315,74,"0,9",non,,,,,
6459,1706,4753,4 552,201,"3,1",oui,,,,,
11609,3235,8374,7 919,455,"3,9",oui,,,,,
6679,11305,-4626,-4 644,18,"0,3",non,,,,,
8797,5225,3572,3 473,99,"1,1",non,,,,,
6747,9485,-2738,-2 768,30,"0,4",non,,,,,
9479,7425,2054,1 933,121,"1,3",non,,,,,
8294,6261,2033,1 632,401,"4,8",oui,,,,,
6647,2832,3815,3 511,304,"4,6",oui,,,,,
11648,3539,8109,7 833,276,"2,4",oui,,,,,
6673,3526,3147,3 018,129,"1,9",non,,,,,
10669,862,9807,9 427,380,"3,6",oui,,,,,
11535,1277,10258,10 061,197,"1,7",oui,,,,,
9325,10601,-1276,-1 474,198,"2,1",oui,,,,,
11297,3322,7975,7 845,130,"1,2",non,,,,,
6835,7504,-669,-845,176,"2,6",oui,,,,,
7219,12998,-5779,-6 072,293,"4,1",oui,,,,,
10809,6026,4783,4 534,249,"2,3",oui,,,,,
7963,4391,3572,3 455,117,"1,5",non,,,,,
11815,12365,-550,-569,19,"0,2",non,,,,,
8470,8709,-239,-249,10,"0,1",non,,,,,
6043,3943,2100,1 678,422,"7,0",oui,,,,,
10016,9739,277,48,229,"2,3",oui,,,,,
8065,8270,-205,-678,473,"5,9",oui,,,,,
8038,4175,3863,3 627,236,"2,9",oui,,,,,
6563,6796,-233,-316,83,"1,3",non,,,,,
7510,5328,2182,1 787,395,"5,3",oui,,,,,
10011,7864,2147,1 715,432,"4,3",oui,,,,,
7574,6169,1405,1 359,46,"0,6",non,,,,,
9549,7566,1983,1 650,333,"3,5",oui,,,,,
6814,8581,-1767,-2 156,389,"5,7",oui,,,,,
7274,4160,3114,2 675,439,"6,0",oui,,,,,
9881,6890,2991,2 579,412,"4,2",oui,,,,,
8430,2125,6305,5 879,426,"5,1",oui,,,,,
7314,12773,-5459,-5 685,226,"3,1",oui,,,,,
10678,12213,-1535,-1 713,178,"1,7",oui,,,,,
7458,9547,-2089,-2 387,298,"4,0",oui,,,,,
11169,12630,-1461,-1 527,66,"0,6",non,,,,,
7693,7836,-143,-274,131,"1,7",non,,,,,
6208,4096,2112,1 651,461,"7,4",oui,,,,,
10049,8427,1622,1 449,173,"1,7",oui,,,,,
9146,7185,1961,1 563,398,"4,4",oui,,,,,
6261,6226,35,-439,474,"7,6",oui,,,,,
11962,3897,8065,7 813,252,"2,1",oui,,,,,
11783,11912,-129,-427,298,"2,5",oui,,,,,
8939,9685,-746,-1 056,310,"3,5",oui,,,,,
9136,7378,1758,1 624,134,"1,5",non,,,,,
11579,8102,3477,3 249,228,"2,0",oui,,,,,
10678,6067,4611,4 533,78,"0,7",non,,,,,
8399,1565,6834,6 578,256,"3,0",oui,,,,,
10506,5690,4816,4 606,210,"2,0",oui,,,,,
8893,10074,-1181,-1 388,207,"2,3",oui,,,,,
9529,9505,24,-346,370,"3,9",oui,,,,,
7223,4067,3156,3 087,69,"1,0",non,,,,,
6865,7546,-681,-1 009,328,"4,8",oui,,,,,
6381,3587,2794,2 626,168,"2,6",oui,,,,,
7714,9217,-1503,-1 831,328,"4,3",oui,,,,,
10688,2704,7984,7 585,399,"3,7",oui,,,,,
9945,11266,-1321,-1 366,45,"0,5",non,,,,,
10576,6168,4408,4 367,41,"0,4",non,,,,,
8134,11231,-3097,-3 400,303,"3,7",oui,,,,,
11366,11774,-408,-597,189,"1,7",oui,,,,,
7076,7124,-48,-521,473,"6,7",oui,,,,,
10861,1330,9531,9 219,312,"2,9",oui,,,,,
6345,12079,-5734,-5 978,244,"3,8",oui,,,,,
9517,8659,858,547,311,"3,3",oui,,,,,
8943,1841,7102,6 868,234,"2,6",oui,,,,,
8009,10504,-2495,-2 969,474,"5,9",oui,,,,,
10029,9727,302,47,255,"2,5",oui,,,,,
6355,4626,1729,1 453,276,"4,3",oui,,,,,
9066,5102,3964,3 634,330,"3,6",oui,,,,,
9453,6606,2847,2 551,296,"3,1",oui,,,,,
8147,13281,-5134,-5 354,220,"2,7",oui,,,,,
7640,6402,1238,1 069,169,"2,2",oui,,,,,
8958,2364,6594,6 373,221,"2,5",oui,,,,,
11607,6572,5035,4 675,360,"3,1",oui,,,,,
10591,11422,-831,-1 192,361,"3,4",oui,,,,,
11949,8967,2982,2 660,322,"2,7",oui,,,,,
7643,10885,-3242,-3 410,168,"2,2",oui,,,,,
7537,4724,2813,2 525,288,"3,8",oui,,,,,
6725,7342,-617,-748,131,"1,9",non,,,,,
10561,12830,-2269,-2 718,449,"4,3",oui,,,,,
10213,13169,-2956,-3 398,442,"4,3",oui,,,,,
9022,12463,-3441,-3 563,122,"1,4",non,,,,,
7040,6911,129,17,112,"1,6",non,,,,,
8226,10633,-2407,-2 822,415,"5,0",oui,,,,,
11221,6377,4844,4 390,454,"4,0",oui,,,,,
9349,4766,4583,4 287,296,"3,2",oui,,,,,
6120,5069,1051,690,361,"5,9",oui,,,,,
10000,2795,7205,7 197,8,"0,1",non,,,,,
11059,10823,236,-43,279,"2,5",oui,,,,,
7351,1008,6343,6 137,206,"2,8",oui,,,,,
9301,11303,-2002,-2 226,224,"2,4",oui,,,,,
7032,5899,1133,1 038,95,"1,4",non,,,,,
6988,12966,-5978,-6 195,217,"3,1",oui,,,,,
9868,7937,1931,1 504,427,"4,3",oui,,,,,
11763,1297,10466,10 258,208,"1,8",oui,,,,,
11548,7441,4107,3 857,250,"2,2",oui,,,,,
9183,994,8189,7 942,247,"2,7",oui,,,,,
7299,9527,-2228,-2 406,178,"2,4",oui,,,,,
9359,10712,-1353,-1 658,305,"3,3",oui,,,,,
6258,12396,-6138,-6 636,498,"8,0",oui,,,,,
10070,6873,3197,2 979,218,"2,2",oui,,,,,
11040,2365,8675,8 416,259,"2,3",oui,,,,,
11226,5119,6107,6 039,68,"0,6",non,,,,,
6208,11361,-5153,-5 216,63,"1,0",non,,,,,
10312,3857,6455,6 392,63,"0,6",non,,,,,
10404,7250,3154,2 936,218,"2,1",oui,,,,,
11119,2616,8503,8 202,301,"2,7",oui,,,,,
9448,12034,-2586,-2 651,65,"0,7",non,,,,,
11056,10063,993,867,126,"1,1",non,,,,,
8146,12027,-3881,-4 065,184,"2,3",oui,,,,,
11583,5869,5714,5 308,406,"3,5",oui,,,,,
9035,2824,6211,5 794,417,"4,6",oui,,,,,
9546,10599,-1053,-1 457,404,"4,2",oui,,,,,
11897,7683,4214,3 817,397,"3,3",oui,,,,,
8315,11396,-3081,-3 366,285,"3,4",oui,,,,,
6653,7598,-945,-1 196,251,"3,8",oui,,,,,
9809,3405,6404,6 316,88,"0,9",non,,,,,
7679,11367,-3688,-3 798,110,"1,4",non,,,,,
9617,9357,260,100,160,"1,7",oui,,,,,
7593,5560,2033,1 984,49,"0,6",non,,,,,
7994,4380,3614,3 327,287,"3,6",oui,,,,,
11292,13327,-2035,-2 257,222,"2,0",oui,,,,,
9469,2313,7156,6 863,293,"3,1",oui,,,,,
6041,3785,2256,2 024,232,"3,8",oui,,,,,
6951,8645,-1694,-1 870,176,"2,5",oui,,,,,
7537,10653,-3116,-3 253,137,"1,8",non,,,,,
6660,11171,-4511,-4 861,350,"5,3",oui,,,,,
6433,1256,5177,4 805,372,"5,8",oui,,,,,
8833,13375,-4542,-4 646,104,"1,2",non,,,,,
8280,2660,5620,5 527,93,"1,1",non,,,,,
6432,7419,-987,-1 035,48,"0,7",non,,,,,
9180,10509,-1329,-1 628,299,"3,3",oui,,,,,
11925,5230,6695,6 385,310,"2,6",oui,,,,,
9894,1078,8816,8 463,353,"3,6",oui,,,,,
7351,9281,-1930,-2 206,276,"3,8",oui,,,,,
7312,3444,3868,3 575,293,"4,0",oui,,,,,
10464,11889,-1425,-1 922,497,"4,7",oui,,,,,
7024,4769,2255,1 845,410,"5,8",oui,,,,,
6545,6079,466,445,21,"0,3",non,,,,,
10479,1781,8698,8 492,206,"2,0",oui,,,,,
8016,9190,-1174,-1 576,402,"5,0",oui,,,,,
6563,6601,-38,-133,95,"1,4",non,,,,,
9065,6625,2440,2 108,332,"3,7",oui,,,,,
6347,4855,1492,1 177,315,"5,0",oui,,,,,
9890,4818,5072,4 707,365,"3,7",oui,,,,,
11439,653,10786,10 574,212,"1,9",oui,,,,,
9914,9066,848,446,402,"4,1",oui,,,,,
6745,11861,-5116,-5 494,378,"5,6",oui,,,,,
8262,12369,-4107,-4 197,90,"1,1",non,,,,,
10213,2485,7728,7 623,105,"1,0",non,,,,,
8302,9165,-863,-934,71,"0,9",non,,,,,
6837,889,5948,5 582,366,"5,4",oui,,,,,
6988,1821,5167,4 729,438,"6,3",oui,,,,,
7530,12669,-5139,-5 501,362,"4,8",oui,,,,,
6847,11453,-4606,-4 805,199,"2,9",oui,,,,,
10318,11718,-1400,-1 424,24,"0,2",non,,,,,
7616,12457,-4841,-4 874,33,"0,4",non,,,,,
8237,5582,2655,2 523,132,"1,6",non,,,,,
9803,2322,7481,7 188,293,"3,0",oui,,,,,
11942,11217,725,243,482,"4,0",oui,,,,,
7806,3599,4207,3 759,448,"5,7",oui,,,,,
8404,11472,-3068,-3 446,378,"4,5",oui,,,,,
11972,11706,266,-24,290,"2,4",oui,,,,,
6729,11949,-5220,-5 528,308,"4,6",oui,,,,,
10287,6278,4009,3 625,384,"3,7",oui,,,,,
11657,12475,-818,-1 012,194,"1,7",oui,,,,,
7665,8048,-383,-426,43,"0,6",non,,,,,
10950,11908,-958,-990,32,"0,3",non,,,,,
8533,9811,-1278,-1 367,89,"1,0",non,,,,,
10999,8385,2614,2 423,191,"1,7",oui,,,,,
9044,874,8170,7 790,380,"4,2",oui,,,,,
9366,2960,6406,6 055,351,"3,7",oui,,,,,
6638,2620,4018,3 840,178,"2,7",oui,,,,,
6847,6652,195,-99,294,"4,3",oui,,,,,
11238,5489,5749,5 700,49,"0,4",non,,,,,
10327,3265,7062,6 699,363,"3,5",oui,,,,,
9311,9771,-460,-520,60,"0,6",non,,,,,
9160,7685,1475,1 288,187,"2,0",oui,,,,,
11992,9606,2386,1 941,445,"3,7",oui,,,,,
11096,4390,6706,6 216,490,"4,4",oui,,,,,
9563,10918,-1355,-1 362,7,"0,1",non,,,,,
9466,1115,8351,8 311,40,"0,4",non,,,,,
10053,4541,5512,5 284,228,"2,3",oui,,,,,
6270,3196,3074,2 778,296,"4,7",oui,,,,,
6509,10604,-4095,-4 195,100,"1,5",non,,,,,
11117,12588,-1471,-1 515,44,"0,4",non,,,,,
11190,7239,3951,3 586,365,"3,3",oui,,,,,
6297,8734,-2437,-2 757,320,"5,1",oui,,,,,
9703,4028,5675,5 226,449,"4,6",oui,,,,,
7386,8609,-1223,-1 455,232,"3,1",oui,,,,,
7599,10108,-2509,-2 540,31,"0,4",non,,,,,
6970,4258,2712,2 591,121,"1,7",non,,,,,
9633,5955,3678,3 587,91,"0,9",non,,,,,
10960,10999,-39,-526,487,"4,4",oui,,,,,
7529,5169,2360,2 269,91,"1,2",non,,,,,
6283,7307,-1024,-1 188,164,"2,6",oui,,,,,
10447,11360,-913,-1 281,368,"3,5",oui,,,,,
6986,2634,4352,4 254,98,"1,4",non,,,,,
9166,5115,4051,4 018,33,"0,4",non,,,,,
10300,13159,-2859,-3 119,260,"2,5",oui,,,,,
10492,10882,-390,-771,381,"3,6",oui,,,,,
9205,12233,-3028,-3 243,215,"2,3",oui,,,,,
8257,10372,-2115,-2 393,278,"3,4",oui,,,,,
8554,6055,2499,2 218,281,"3,3",oui,,,,,
11078,11634,-556,-893,337,"3,0",oui,,,,,
8634,13008,-4374,-4 381,7,"0,1",non,,,,,
6579,6134,445,182,263,"4,0",oui,,,,,
6130,10894,-4764,-5 237,473,"7,7",oui,,,,,
7809,7969,-160,-289,129,"1,7",non,,,,,
11030,2720,8310,7 927,383,"3,5",oui,,,,,
10150,7129,3021,2 543,478,"4,7",oui,,,,,
7858,6477,1381,1 190,191,"2,4",oui,,,,,
11984,7299,4685,4 663,22,"0,2",non,,,,,
8691,12739,-4048,-4 137,89,"1,0",non,,,,,
10062,3619,6443,6 005,438,"4,4",oui,,,,,
7997,10360,-2363,-2 439,76,"1,0",non,,,,,
11883,1249,10634,10 523,111,"0,9",non,,,,,
10256,1572,8684,8 564,120,"1,2",non,,,,,
9021,6308,2713,2 614,99,"1,1",non,,,,,
6512,7559,-1047,-1 223,176,"2,7",oui,,,,,
9317,7936,1381,1 347,34,"0,4",non,,,,,
6883,4460,2423,2 100,323,"4,7",oui,,,,,
11016,1871,9145,8 794,351,"3,2",oui,,,,,
6316,4472,1844,1 583,261,"4,1",oui,,,,,
9472,3626,5846,5 835,11,"0,1",non,,,,,
10686,13058,-2372,-2 616,244,"2,3",oui,,,,,
10095,11265,-1170,-1 630,460,"4,6",oui,,,,,
6948,10397,-3449,-3 546,97,"1,4",non,,,,,
8021,1501,6520,6 179,341,"4,3",oui,,,,,
11365,8341,3024,2 733,291,"2,6",oui,,,,,
6997,2970,4027,3 703,324,"4,6",oui,,,,,
6868,963,5905,5 679,226,"3,3",oui,,,,,
8551,6020,2531,2 133,398,"4,7",oui,,,,,
11862,11715,147,-239,386,"3,3",oui,,,,,
9270,10701,-1431,-1 808,377,"4,1",oui,,,,,
6934,10472,-3538,-3 855,317,"4,6",oui,,,,,
11598,8410,3188,2 694,494,"4,3",oui,,,,,
11318,4945,6373,5 954,419,"3,7",oui,,,,,
11651,1445,10206,9 985,221,"1,9",oui,,,,,
7764,7868,-104,-603,499,"6,4",oui,,,,,
8078,5482,2596,2 435,161,"2,0",oui,,,,,
7836,8709,-873,-1 309,436,"5,6",oui,,,,,
6790,8772,-1982,-2 385,403,"5,9",oui,,,,,
7452,4417,3035,2 896,139,"1,9",non,,,,,
8532,7059,1473,1 457,16,"0,2",non,,,,,
8423,5832,2591,2 475,116,"1,4",non,,,,,
9871,8073,1798,1 609,189,"1,9",oui,,,,,
9587,4594,4993,4 620,373,"3,9",oui,,,,,
9423,5068,4355,4 005,350,"3,7",oui,,,,,
7050,6198,852,560,292,"4,1",oui,,,,,
8356,2828,5528,5 150,378,"4,5",oui,,,,,
8676,2666,6010,5 715,295,"3,4",oui,,,,,
6772,12839,-6067,-6 517,450,"6,6",oui,,,,,
8035,2203,5832,5 422,410,"5,1",oui,,,,,
11991,8327,3664,3 298,366,"3,1",oui,,,,,
10948,1250,9698,9 592,106,"1,0",non,,,,,
7614,4648,2966,2 512,454,"6,0",oui,,,,,
10890,10881,9,-32,41,"0,4",non,,,,,
6190,2957,3233,3 079,154,"2,5",oui,,,,,
7014,3893,3121,2 988,133,"1,9",non,,,,,
7146,2478,4668,4 506,162,"2,3",oui,,,,,
10395,9550,845,598,247,"2,4",oui,,,,,
8236,9314,-1078,-1 556,478,"5,8",oui,,,,,
9135,8282,853,801,52,"0,6",non,,,,,
10039,5088,4951,4 651,300,"3,0",oui,,,,,
10015,10223,-208,-543,335,"3,3",oui,,,,,
6084,10130,-4046,-4 483,437,"7,2",oui,,,,,
7686,6470,1216,917,299,"3,9",oui,,,,,
6137,10928,-4791,-4 951,160,"2,6",oui,,,,,
7725,3748,3977,3 699,278,"3,6",oui,,,,,
10245,9765,480,154,326,"3,2",oui,,,,,
9101,12615,-3514,-3 624,110,"1,2",non,,,,,
11757,12754,-997,-1 367,370,"3,1",oui,,,,,
11057,11602,-545,-866,321,"2,9",oui,,,,,
11957,1992,9965,9 643,322,"2,7",oui,,,,,
8780,6408,2372,2 063,309,"3,5",oui,,,,,
11897,8774,3123,2 859,264,"2,2",oui,,,,,
6536,11705,-5169,-5 238,69,"1,1",non,,,,,
7913,1785,6128,5 831,297,"3,8",oui,,,,,
9467,8140,1327,888,439,"4,6",oui,,,,,
8067,8704,-637,-1 086,449,"5,6",oui,,,,,
11742,2703,9039,8 893,146,"1,2",non,,,,,
6930,4342,2588,2 350,238,"3,4",oui,,,,,
10266,11862,-1596,-1 656,60,"0,6",non,,,,,
10904,9938,966,839,127,"1,2",non,,,,,
11985,3658,8327,8 026,301,"2,5",oui,,,,,
7345,13062,-5717,-5 911,194,"2,6",oui,,,,,
7776,2564,5212,5 170,42,"0,5",non,,,,,
6488,4979,1509,1 332,177,"2,7",oui,,,,,
6057,4367,1690,1 535,155,"2,6",oui,,,,,
7471,7086,385,262,123,"1,6",non,,,,,
6918,4302,2616,2 194,422,"6,1",oui,,,,,
10171,11204,-1033,-1 257,224,"2,2",oui,,,,,
8608,11491,-2883,-3 030,147,"1,7",non,,,,,
11179,7987,3192,2 942,250,"2,2",oui,,,,,
8699,3318,5381,4 936,445,"5,1",oui,,,,,
7782,4000,3782,3 630,152,"2,0",oui,,,,,
6534,3269,3265,3 241,24,"0,4",non,,,,,
10598,2667,7931,7 645,286,"2,7",oui,,,,,
9607,11906,-2299,-2 499,200,"2,1",oui,,,,,
11384,13384,-2000,-2 028,28,"0,2",non,,,,,
9294,10487,-1193,-1 341,148,"1,6",non,,,,,
8061,11159,-3098,-3 456,358,"4,4",oui,,,,,
8409,1300,7109,6 812,297,"3,5",oui,,,,,
11187,2834,8353,7 953,400,"3,6",oui,,,,,
6218,6571,-353,-582,229,"3,7",oui,,,,,
9690,2513,7177,7 135,42,"0,4",non,,,,,
8926,12385,-3459,-3 846,387,"4,3",oui,,,,,
8884,3002,5882,5 632,250,"2,8",oui,,,,,
11793,8261,3532,3 523,9,"0,1",non,,,,,
9546,7250,2296,2 138,158,"1,7",oui,,,,,
7821,13189,-5368,-5 764,396,"5,1",oui,,,,,
10502,6700,3802,3 674,128,"1,2",non,,,,,
8445,12392,-3947,-4 273,326,"3,9",oui,,,,,
9918,6332,3586,3 268,318,"3,2",oui,,,,,
6607,4990,1617,1 402,215,"3,3",oui,,,,,
8889,8864,25,-96,121,"1,4",non,,,,,
9634,845,8789,8 383,406,"4,2",oui,,,,,
6193,12969,-6776,-7 024,248,"4,0",oui,,,,,
6927,1164,5763,5 569,194,"2,8",oui,,,,,
9165,6406,2759,2 442,317,"3,5",oui,,,,,
7975,2774,5201,5 007,194,"2,4",oui,,,,,
11826,5567,6259,6 199,60,"0,5",non,,,,,
7698,1149,6549,6 363,186,"2,4",oui,,,,,
8849,2752,6097,5 760,337,"3,8",oui,,,,,
7764,988,6776,6 307,469,"6,0",oui,,,,,
10130,10543,-413,-817,404,"4,0",oui,,,,,
11929,8110,3819,3 778,41,"0,3",non,,,,,
11987,6655,5332,5 015,317,"2,6",oui,,,,,
6595,4556,2039,1 567,472,"7,2",oui,,,,,
11073,2289,8784,8 378,406,"3,7",oui,,,,,
11949,9000,2949,2 591,358,"3,0",oui,,,,,
9336,10146,-810,-1 189,379,"4,1",oui,,,,,
6752,11521,-4769,-5 040,271,"4,0",oui,,,,,
10860,3011,7849,7 509,340,"3,1",oui,,,,,
10366,11089,-723,-1 215,492,"4,7",oui,,,,,
6672,1852,4820,4 571,249,"3,7",oui,,,,,
9767,8758,1009,931,78,"0,8",non,,,,,
9876,2273,7603,7 412,191,"1,9",oui,,,,,
8374,12868,-4494,-4 777,283,"3,4",oui,,,,,
6369,13166,-6797,-6 903,106,"1,7",non,,,,,
10901,13387,-2486,-2 743,257,"2,4",oui,,,,,
8592,3299,5293,5 149,144,"1,7",non,,,,,
8985,5322,3663,3 522,141,"1,6",non,,,,,
9797,5698,4099,3 950,149,"1,5",non,,,,,
6397,6759,-362,-675,313,"4,9",oui,,,,,
7164,8707,-1543,-2 042,499,"7,0",oui,,,,,
8459,3578,4881,4 724,157,"1,9",oui,,,,,
9567,5188,4379,4 301,78,"0,8",non,,,,,
9081,2449,6632,6 459,173,"1,9",oui,,,,,
8858,4503,4355,4 201,154,"1,7",oui,,,,,
8515,8503,12,-100,112,"1,3",non,,,,,
7365,11868,-4503,-4 876,373,"5,1",oui,,,,,
7338,4819,2519,2 350,169,"2,3",oui,,,,,
7975,7513,462,373,89,"1,1",non,,,,,
10958,2596,8362,8 052,310,"2,8",oui,,,,,
7035,5094,1941,1 714,227,"3,2",oui,,,,,
10655,9217,1438,1 243,195,"1,8",oui,,,,,
7686,7829,-143,-310,167,"2,2",oui,,,,,
7101,1026,6075,5 692,383,"5,4",oui,,,,,
11619,11393,226,-249,475,"4,1",oui,,,,,
9677,10762,-1085,-1 189,104,"1,1",non,,,,,
10114,2994,7120,6 970,150,"1,5",oui,,,,,
8747,13344,-4597,-4 933,336,"3,8",oui,,,,,
9377,10022,-645,-768,123,"1,3",non,,,,,
10297,13034,-2737,-2 800,63,"0,6",non,,,,,
10126,7245,2881,2 869,12,"0,1",non,,,,,
11586,1536,10050,9 731,319,"2,8",oui,,,,,
7229,2095,5134,4 811,323,"4,5",oui,,,,,
7429,2742,4687,4 540,147,"2,0",non,,,,,
11596,10919,677,211,466,"4,0",oui,,,,,
11711,3946,7765,7 491,274,"2,3",oui,,,,,
6734,10652,-3918,-4 106,188,"2,8",oui,,,,,
9062,958,8104,7 936,168,"1,9",oui,,,,,
6372,849,5523,5 415,108,"1,7",non,,,,,
7344,3085,4259,3 879,380,"5,2",oui,,,,,
11538,6056,5482,5 083,399,"3,5",oui,,,,,
8692,9349,-657,-1 005,348,"4,0",oui,,,,,
11903,9722,2181,1 991,190,"1,6",oui,,,,,
7097,3086,4011,3 648,363,"5,1",oui,,,,,
10255,2757,7498,7 162,336,"3,3",oui,,,,,
10538,11915,-1377,-1 516,139,"1,3",non,,,,,
11279,11864,-585,-878,293,"2,6",oui,,,,,
6906,1589,5317,5 225,92,"1,3",non,,,,,
6967,11108,-4141,-4 464,323,"4,6",oui,,,,,
8871,7817,1054,863,191,"2,2",oui,,,,,
11573,8478,3095,3 021,74,"0,6",non,,,,,
8320,6882,1438,1 408,30,"0,4",non,,,,,
8876,9369,-493,-662,169,"1,9",oui,,,,,
8407,9967,-1560,-1 711,151,"1,8",oui,,,,,
10529,2199,8330,8 025,305,"2,9",oui,,,,,
11059,3111,7948,7 946,2,"0,0",non,,,,,
9287,676,8611,8 339,272,"2,9",oui,,,,,
9048,8260,788,553,235,"2,6",oui,,,,,
10142,6577,3565,3 481,84,"0,8",non,,,,,
8661,4216,4445,4 036,409,"4,7",oui,,,,,
9838,2160,7678,7 219,459,"4,7",oui,,,,,
7264,1383,5881,5 651,230,"3,2",oui,,,,,
6234,3359,2875,2 434,441,"7,1",oui,,,,,
11637,2998,8639,8 165,474,"4,1",oui,,,,,
8846,7331,1515,1 410,105,"1,2",non,,,,,
8079,11338,-3259,-3 593,334,"4,1",oui,,,,,
9974,10207,-233,-238,5,"0,1",non,,,,,
11838,5477,6361,6 090,271,"2,3",oui,,,,,
8815,848,7967,7 712,255,"2,9",oui,,,,,
6028,683,5345,5 316,29,"0,5",non,,,,,
8245,5776,2469,2 445,24,"0,3",non,,,,,
10729,10479,250,-31,281,"2,6",oui,,,,,
9449,12497,-3048,-3 146,98,"1,0",non,,,,,
6519,7323,-804,-1 271,467,"7,2",oui,,,,,
10985,3115,7870,7 641,229,"2,1",oui,,,,,
6897,1597,5300,4 866,434,"6,3",oui,,,,,
7067,13453,-6386,-6 531,145,"2,1",non,,,,,
6766,8759,-1993,-2 107,114,"1,7",non,,,,,
10928,2295,8633,8 160,473,"4,3",oui,,,,,
8502,2062,6440,6 336,104,"1,2",non,,,,,
7007,8249,-1242,-1 602,360,"5,1",oui,,,,,
7941,7137,804,514,290,"3,7",oui,,,,,
6801,4531,2270,2 218,52,"0,8",non,,,,,
8392,2791,5601,5 323,278,"3,3",oui,,,,,
8504,12372,-3868,-4 110,242,"2,8",oui,,,,,
11285,1748,9537,9 069,468,"4,1",oui,,,,,
8703,4252,4451,4 133,318,"3,7",oui,,,,,
9346,12827,-3481,-3 629,148,"1,6",non,,,,,
9621,11403,-1782,-1 870,88,"0,9",non,,,,,
10757,8855,1902,1 738,164,"1,5",oui,,,,,
6368,2038,4330,3 882,448,"7,0",oui,,,,,
8305,12931,-4626,-4 799,173,"2,1",oui,,,,,
9070,2573,6497,6 342,155,"1,7",oui,,,,,
11320,9888,1432,1 423,9,"0,1",non,,,,,
9107,6604,2503,2 257,246,"2,7",oui,,,,,
7564,10272,-2708,-2 929,221,"2,9",oui,,,,,
10236,3940,6296,5 829,467,"4,6",oui,,,,,
9106,12813,-3707,-3 742,35,"0,4",non,,,,,
10529,1941,8588,8 202,386,"3,7",oui,,,,,
11680,5117,6563,6 356,207,"1,8",oui,,,,,
10341,9191,1150,853,297,"2,9",oui,,,,,
9653,7657,1996,1 911,85,"0,9",non,,,,,
9644,10817,-1173,-1 425,252,"2,6",oui,,,,,
11313,11377,-64,-321,257,"2,3",oui,,,,,
10535,9272,1263,1 130,133,"1,3",non,,,,,
10909,8169,2740,2 575,165,"1,5",oui,,,,,
6601,4278,2323,1 914,409,"6,2",oui,,,,,
11419,5925,5494,5 227,267,"2,3",oui,,,,,
6734,8577,-1843,-1 867,24,"0,4",non,,,,,
8998,10523,-1525,-2 008,483,"5,4",oui,,,,,
8219,11026,-2807,-3 024,217,"2,6",oui,,,,,
9000,3692,5308,4 945,363,"4,0",oui,,,,,
10191,998,9193,8 932,261,"2,6",oui,,,,,
10672,11785,-1113,-1 472,359,"3,4",oui,,,,,
9478,9553,-75,-369,294,"3,1",oui,,,,,
11219,12042,-823,-944,121,"1,1",non,,,,,
11234,10675,559,354,205,"1,8",oui,,,,,
8992,2817,6175,6 009,166,"1,8",oui,,,,,
10415,6995,3420,3 151,269,"2,6",oui,,,,,
11862,8546,3316,3 190,126,"1,1",non,,,,,
9153,2029,7124,6 694,430,"4,7",oui,,,,,
6124,11347,-5223,-5 631,408,"6,7",oui,,,,,
11273,12706,-1433,-1 683,250,"2,2",oui,,,,,
9082,8012,1070,791,279,"3,1",oui,,,,,
6012,684,5328,4 862,466,"7,8",oui,,,,,
11124,8224,2900,2 860,40,"0,4",non,,,,,
10379,7470,2909,2 446,463,"4,5",oui,,,,,
7914,8456,-542,-563,21,"0,3",non,,,,,
6096,12685,-6589,-6 674,85,"1,4",non,,,,,
11274,3239,8035,7 875,160,"1,4",oui,,,,,
9025,7535,1490,1 249,241,"2,7",oui,,,,,
11391,8776,2615,2 559,56,"0,5",non,,,,,
11880,5946,5934,5 463,471,"4,0",oui,,,,,
8942,11254,-2312,-2 498,186,"2,1",oui,,,,,
7613,3594,4019,3 599,420,"5,5",oui,,,,,
6005,5875,130,-245,375,"6,2",oui,,,,,
7704,3061,4643,4 630,13,"0,2",non,,,,,
7969,9324,-1355,-1 548,193,"2,4",oui,,,,,
11511,2239,9272,9 141,131,"1,1",non,,,,,
10991,2252,8739,8 381,358,"3,3",oui,,,,,
9920,2467,7453,7 229,224,"2,3",oui,,,,,
8370,8930,-560,-695,135,"1,6",non,,,,,
9424,11415,-1991,-2 181,190,"2,0",oui,,,,,
8171,6304,1867,1 857,10,"0,1",non,,,,,
10897,1767,9130,8 759,371,"3,4",oui,,,,,
7561,11613,-4052,-4 281,229,"3,0",oui,,,,,
11651,11255,396,-90,486,"4,2",oui,,,,,
8243,5903,2340,1 991,349,"4,2",oui,,,,,
8248,10866,-2618,-2 622,4,"0,0",non,,,,,
10477,10717,-240,-609,369,"3,5",oui,,,,,
6307,1927,4380,4 150,230,"3,6",oui,,,,,
8003,5852,2151,1 878,273,"3,4",oui,,,,,
11700,6738,4962,4 508,454,"3,9",oui,,,,,
11732,5025,6707,6 659,48,"0,4",non,,,,,
8571,4688,3883,3 401,482,"5,6",oui,,,,,
11516,2888,8628,8 334,294,"2,6",oui,,,,,
8259,12301,-4042,-4 208,166,"2,0",oui,,,,,
10518,1460,9058,8 704,354,"3,4",oui,,,,,
11058,4710,6348,6 332,16,"0,1",non,,,,,
6251,2039,4212,3 932,280,"4,5",oui,,,,,
11864,1792,10072,10 071,1,"0,0",non,,,,,
11091,10458,633,372,261,"2,4",oui,,,,,
8818,6286,2532,2 519,13,"0,1",non,,,,,
9069,3992,5077,4 601,476,"5,2",oui,,,,,
10282,1915,8367,8 199,168,"1,6",oui,,,,,
8608,1433,7175,7 114,61,"0,7",non,,,,,
7847,3663,4184,3 745,439,"5,6",oui,,,,,
6354,11156,-4802,-5 188,386,"6,1",oui,,,,,
7900,4594,3306,2 851,455,"5,8",oui,,,,,
11629,9728,1901,1 441,460,"4,0",oui,,,,,
9760,5185,4575,4 390,185,"1,9",oui,,,,,
7793,7385,408,192,216,"2,8",oui,,,,,
8040,10328,-2288,-2 618,330,"4,1",oui,,,,,
10848,12485,-1637,-1 661,24,"0,2",non,,,,,
7078,7641,-563,-797,234,"3,3",oui,,,,,
8129,1330,6799,6 363,436,"5,4",oui,,,,,
8679,10431,-1752,-1 970,218,"2,5",oui,,,,,
8596,12252,-3656,-4 019,363,"4,2",oui,,,,,
11695,7830,3865,3 826,39,"0,3",non,,,,,
7766,5636,2130,1 957,173,"2,2",oui,,,,,
6801,4318,2483,2 080,403,"5,9",oui,,,,,
7232,3759,3473,3 336,137,"1,9",non,,,,,
7258,11255,-3997,-4 360,363,"5,0",oui,,,,,
7314,1977,5337,5 295,42,"0,6",non,,,,,
9243,9015,228,117,111,"1,2",non,,,,,
8912,2175,6737,6 526,211,"2,4",oui,,,,,
10696,4959,5737,5 281,456,"4,3",oui,,,,,
11091,12017,-926,-1 109,183,"1,6",oui,,,,,
11628,6812,4816,4 608,208,"1,8",oui,,,,,
10197,3317,6880,6 385,495,"4,9",oui,,,,,
8688,2880,5808,5 473,335,"3,9",oui,,,,,
10181,8518,1663,1 440,223,"2,2",oui,,,,,
11966,9674,2292,1 999,293,"2,4",oui,,,,,
6674,8080,-1406,-1 697,291,"4,4",oui,,,,,
9705,5898,3807,3 487,320,"3,3",oui,,,,,
8961,3942,5019,4 954,65,"0,7",non,,,,,
11626,5465,6161,5 951,210,"1,8",oui,,,,,
11126,4081,7045,6 826,219,"2,0",oui,,,,,
9225,12490,-3265,-3 406,141,"1,5",non,,,,,
7935,1085,6850,6 469,381,"4,8",oui,,,,,
7736,13489,-5753,-5 836,83,"1,1",non,,,,,
9872,11704,-1832,-1 915,83,"0,8",non,,,,,
8909,11798,-2889,-3 039,150,"1,7",oui,,,,,
6444,7142,-698,-1 115,417,"6,5",oui,,,,,
11583,9291,2292,1 806,486,"4,2",oui,,,,,
7652,1988,5664,5 320,344,"4,5",oui,,,,,
9899,1605,8294,8 254,40,"0,4",non,,,,,
7104,12185,-5081,-5 286,205,"2,9",oui,,,,,
11282,3196,8086,7 834,252,"2,2",oui,,,,,
7864,8771,-907,-1 083,176,"2,2",oui,,,,,
9919,9119,800,771,29,"0,3",non,,,,,
7909,5560,2349,2 289,60,"0,8",non,,,,,
7903,9679,-1776,-2 006,230,"2,9",oui,,,,,
10099,10219,-120,-553,433,"4,3",oui,,,,,
11658,7227,4431,4 321,110,"0,9",non,,,,,
9630,853,8777,8 545,232,"2,4",oui,,,,,
6308,11957,-5649,-6 066,417,"6,6",oui,,,,,
10739,9329,1410,1 240,170,"1,6",oui,,,,,
9771,3350,6421,6 147,274,"2,8",oui,,,,,
7578,10229,-2651,-3 076,425,"5,6",oui,,,,,
11230,5314,5916,5 904,12,"0,1",non,,,,,
8892,12639,-3747,-4 005,258,"2,9",oui,,,,,
10012,13108,-3096,-3 169,73,"0,7",non,,,,,
11875,3625,8250,7 849,401,"3,4",oui,,,,,
11583,12862,-1279,-1 652,373,"3,2",oui,,,,,
11116,13305,-2189,-2 677,488,"4,4",oui,,,,,
10279,13002,-2723,-3 176,453,"4,4",oui,,,,,
7171,4361,2810,2 543,267,"3,7",oui,,,,,
9654,8580,1074,914,160,"1,7",oui,,,,,
6280,3469,2811,2 339,472,"7,5",oui,,,,,
7848,5349,2499,2 458,41,"0,5",non,,,,,
9255,3832,5423,5 348,75,"0,8",non,,,,,
6623,6328,295,19,276,"4,2",oui,,,,,
8485,13153,-4668,-4 717,49,"0,6",non,,,,,
9762,11620,-1858,-2 282,424,"4,3",oui,,,,,
6082,1162,4920,4 648,272,"4,5",oui,,,,,
7923,5901,2022,1 782,240,"3,0",oui,,,,,
7189,5381,1808,1 473,335,"4,7",oui,,,,,
8194,1760,6434,5 991,443,"5,4",oui,,,,,
6711,8866,-2155,-2 285,130,"1,9",non,,,,,
9135,2108,7027,6 816,211,"2,3",oui,,,,,
9674,1261,8413,7 932,481,"5,0",oui,,,,,
11661,2313,9348,9 102,246,"2,1",oui,,,,,
7064,2545,4519,4 339,180,"2,5",oui,,,,,
9519,2489,7030,6 760,270,"2,8",oui,,,,,
9569,13060,-3491,-3 694,203,"2,1",oui,,,,,
10204,2400,7804,7 777,27,"0,3",non,,,,,
6724,2693,4031,3 705,326,"4,8",oui,,,,,
9850,8604,1246,904,342,"3,5",oui,,,,,
10521,1717,8804,8 733,71,"0,7",non,,,,,
8080,12589,-4509,-4 926,417,"5,2",oui,,,,,
9878,11406,-1528,-1 767,239,"2,4",oui,,,,,
8034,1358,6676,6 300,376,"4,7",oui,,,,,
6044,6001,43,-19,62,"1,0",non,,,,,
9131,5485,3646,3 173,473,"5,2",oui,,,,,
8084,11703,-3619,-3 928,309,"3,8",oui,,,,,
11900,3569,8331,7 908,423,"3,6",oui,,,,,
7344,7363,-19,-402,383,"5,2",oui,,,,,
11772,6925,4847,4 346,501,"4,3",oui,,,,,
8874,8206,668,291,377,"4,2",oui,,,,,
7725,1941,5784,5 516,268,"3,5",oui,,,,,
10222,9841,381,302,79,"0,8",non,,,,,
8578,3848,4730,4 507,223,"2,6",oui,,,,,
8141,9210,-1069,-1 280,211,"2,6",oui,,,,,
9401,5352,4049,3 941,108,"1,1",non,,,,,
10294,2986,7308,7 307,1,"0,0",non,,,,,
7581,1546,6035,5 665,370,"4,9",oui,,,,,
11950,12243,-293,-421,128,"1,1",non,,,,,
10644,3632,7012,6 994,18,"0,2",non,,,,,
8481,8111,370,154,216,"2,5",oui,,,,,
6775,9370,-2595,-2 932,337,"5,0",oui,,,,,
8724,6379,2345,1 891,454,"5,2",oui,,,,,
11369,5875,5494,5 389,105,"0,9",non,,,,,
8168,740,7428,7 367,61,"0,7",non,,,,,
7886,11171,-3285,-3 669,384,"4,9",oui,,,,,
9861,2924,6937,6 449,488,"4,9",oui,,,,,
11259,2824,8435,8 179,256,"2,3",oui,,,,,
9591,12684,-3093,-3 186,93,"1,0",non,,,,,
10182,1222,8960,8 730,230,"2,3",oui,,,,,
9457,9706,-249,-710,461,"4,9",oui,,,,,
8627,7099,1528,1 188,340,"3,9",oui,,,,,
9785,4170,5615,5 331,284,"2,9",oui,,,,,
8050,2542,5508,5 052,456,"5,7",oui,,,,,
6347,8473,-2126,-2 581,455,"7,2",oui,,,,,
10944,1020,9924,9 920,4,"0,0",non,,,,,
11983,10947,1036,597,439,"3,7",oui,,,,,
9170,6591,2579,2 237,342,"3,7",oui,,,,,
9673,5782,3891,3 752,139,"1,4",non,,,,,
10865,5988,4877,4 440,437,"4,0",oui,,,,,
6492,1094,5398,4 964,434,"6,7",oui,,,,,
11410,6970,4440,4 350,90,"0,8",non,,,,,
11019,1923,9096,8 912,184,"1,7",oui,,,,,
6250,6134,116,80,36,"0,6",non,,,,,
10018,1222,8796,8 765,31,"0,3",non,,,,,
8075,9779,-1704,-2 054,350,"4,3",oui,,,,,
11647,8249,3398,3 306,92,"0,8",non,,,,,
6471,8476,-2005,-2 448,443,"6,8",oui,,,,,
7903,11379,-3476,-3 633,157,"2,0",oui,,,,,
6820,5540,1280,1 175,105,"1,5",non,,,,,
6475,8593,-2118,-2 406,288,"4,4",oui,,,,,
8355,12315,-3960,-4 187,227,"2,7",oui,,,,,
6084,8625,-2541,-2 777,236,"3,9",oui,,,,,
11371,7988,3383,3 163,220,"1,9",oui,,,,,
7345,11587,-4242,-4 404,162,"2,2",oui,,,,,
11311,1320,9991,9 656,335,"3,0",oui,,,,,
10438,12490,-2052,-2 416,364,"3,5",oui,,,,,
11291,3666,7625,7 274,351,"3,1",oui,,,,,
10622,6839,3783,3 356,427,"4,0",oui,,,,,
8572,11360,-2788,-2 796,8,"0,1",non,,,,,
8866,2601,6265,5 982,283,"3,2",oui,,,,,
7257,6446,811,343,468,"6,4",oui,,,,,
10418,9216,1202,1 182,20,"0,2",non,,,,,
8088,7470,618,131,487,"6,0",oui,,,,,
11775,7523,4252,3 868,384,"3,3",oui,,,,,
9718,5401,4317,3 918,399,"4,1",oui,,,,,
8636,6924,1712,1 226,486,"5,6",oui,,,,,
10354,1702,8652,8 472,180,"1,7",oui,,,,,
11605,1833,9772,9 622,150,"1,3",oui,,,,,
9438,6732,2706,2 544,162,"1,7",oui,,,,,
10626,4403,6223,6 064,159,"1,5",oui,,,,,
11443,5492,5951,5 546,405,"3,5",oui,,,,,
11765,13437,-1672,-1 956,284,"2,4",oui,,,,,
9258,1025,8233,7 966,267,"2,9",oui,,,,,
10540,12364,-1824,-2 066,242,"2,3",oui,,,,,
9643,2875,6768,6 352,416,"4,3",oui,,,,,
11708,10363,1345,905,440,"3,8",oui,,,,,
9332,6691,2641,2 334,307,"3,3",oui,,,,,
11437,10189,1248,1 005,243,"2,1",oui,,,,,
9424,12840,-3416,-3 553,137,"1,5",non,,,,,
7937,8439,-502,-847,345,"4,3",oui,,,,,
7346,7270,76,-320,396,"5,4",oui,,,,,
11863,9927,1936,1 877,59,"0,5",non,,,,,
11009,9202,1807,1 338,469,"4,3",oui,,,,,
8529,12588,-4059,-4 416,357,"4,2",oui,,,,,
10534,7763,2771,2 406,365,"3,5",oui,,,,,
6978,11988,-5010,-5 439,429,"6,1",oui,,,,,
7501,3857,3644,3 219,425,"5,7",oui,,,,,
7139,9711,-2572,-2 894,322,"4,5",oui,,,,,
9899,9259,640,440,200,"2,0",oui,,,,,
8324,8702,-378,-635,257,"3,1",oui,,,,,
6444,13167,-6723,-6 907,184,"2,9",oui,,,,,
7657,12838,-5181,-5 630,449,"5,9",oui,,,,,
6762,2967,3795,3 472,323,"4,8",oui,,,,,
8076,11632,-3556,-3 919,363,"4,5",oui,,,,,
6751,7435,-684,-936,252,"3,7",oui,,,,,
10431,4362,6069,5 824,245,"2,3",oui,,,,,
9709,4781,4928,4 775,153,"1,6",oui,,,,,
7020,9966,-2946,-3 396,450,"6,4",oui,,,,,
7228,12856,-5628,-5 669,41,"0,6",non,,,,,
7549,5318,2231,1 796,435,"5,8",oui,,,,,
6089,12309,-6220,-6 539,319,"5,2",oui,,,,,
6582,3948,2634,2 424,210,"3,2",oui,,,,,
7372,10082,-2710,-2 817,107,"1,5",non,,,,,
7798,1552,6246,6 103,143,"1,8",non,,,,,
10574,6399,4175,3 692,483,"4,6",oui,,,,,
8069,12102,-4033,-4 290,257,"3,2",oui,,,,,
10755,11367,-612,-725,113,"1,1",non,,,,,
11853,8490,3363,3 300,63,"0,5",non,,,,,
7714,3391,4323,3 863,460,"6,0",oui,,,,,
8694,11098,-2404,-2 589,185,"2,1",oui,,,,,
10173,2875,7298,6 924,374,"3,7",oui,,,,,
8783,12521,-3738,-3 911,173,"2,0",oui,,,,,
10163,2078,8085,7 899,186,"1,8",oui,,,,,
10173,3264,6909,6 483,426,"4,2",oui,,,,,
7721,6454,1267,871,396,"5,1",oui,,,,,
10238,4524,5714,5 655,59,"0,6",non,,,,,
7062,2672,4390,4 281,109,"1,5",non,,,,,
11499,6414,5085,4 917,168,"1,5",oui,,,,,
8192,10890,-2698,-3 093,395,"4,8",oui,,,,,
10609,710,9899,9 598,301,"2,8",oui,,,,,
6162,7196,-1034,-1 224,190,"3,1",oui,,,,,
11053,891,10162,10 154,8,"0,1",non,,,,,
10584,10525,59,-96,155,"1,5",oui,,,,,
10089,1748,8341,7 995,346,"3,4",oui,,,,,
10479,9387,1092,1 052,40,"0,4",non,,,,,
8426,1319,7107,6 956,151,"1,8",oui,,,,,
10083,11437,-1354,-1 748,394,"3,9",oui,,,,,
10894,2186,8708,8 429,279,"2,6",oui,,,,,
7712,8649,-937,-1 052,115,"1,5",non,,,,,
11238,6896,4342,3 946,396,"3,5",oui,,,,,
7665,2525,5140,4 642,498,"6,5",oui,,,,,
10882,2661,8221,7 849,372,"3,4",oui,,,,,
6287,11112,-4825,-5 283,458,"7,3",oui,,,,,
8849,4506,4343,4 012,331,"3,7",oui,,,,,
6419,11850,-5431,-5 476,45,"0,7",non,,,,,
11531,13469,-1938,-2 238,300,"2,6",oui,,,,,
11655,4878,6777,6 554,223,"1,9",oui,,,,,
7140,8596,-1456,-1 558,102,"1,4",non,,,,,
6826,13078,-6252,-6 295,43,"0,6",non,,,,,
6591,11601,-5010,-5 471,461,"7,0",oui,,,,,
8493,3269,5224,5 185,39,"0,5",non,,,,,
10511,4419,6092,5 747,345,"3,3",oui,,,,,
7584,6100,1484,1 368,116,"1,5",non,,,,,
9825,8241,1584,1 269,315,"3,2",oui,,,,,
6635,13471,-6836,-7 089,253,"3,8",oui,,,,,
8903,3875,5028,4 684,344,"3,9",oui,,,,,
10089,5747,4342,4 162,180,"1,8",oui,,,,,
6958,12989,-6031,-6 301,270,"3,9",oui,,,,,
8902,8376,526,251,275,"3,1",oui,,,,,
9026,13161,-4135,-4 366,231,"2,6",oui,,,,,
7356,10042,-2686,-2 927,241,"3,3",oui,,,,,
10475,9007,1468,1 300,168,"1,6",oui,,,,,
9563,11526,-1963,-2 431,468,"4,9",oui,,,,,
11968,6464,5504,5 445,59,"0,5",non,,,,,
8120,7367,753,737,16,"0,2",non,,,,,
9950,9074,876,850,26,"0,3",non,,,,,
10930,3795,7135,6 664,471,"4,3",oui,,,,,
10132,6813,3319,2 984,335,"3,3",oui,,,,,
9880,4200,5680,5 198,482,"4,9",oui,,,,,
9480,1096,8384,8 107,277,"2,9",oui,,,,,
8452,9378,-926,-1 311,385,"4,6",oui,,,,,
8822,3392,5430,5 261,169,"1,9",oui,,,,,
6964,1928,5036,4 777,259,"3,7",oui,,,,,
9263,2956,6307,5 932,375,"4,0",oui,,,,,
7866,5341,2525,2 063,462,"5,9",oui,,,,,
11925,13161,-1236,-1 245,9,"0,1",non,,,,,
7140,3263,3877,3 386,491,"6,9",oui,,,,,
10563,8552,2011,1 762,249,"2,4",oui,,,,,
11189,10012,1177,925,252,"2,3",oui,,,,,
8899,7564,1335,873,462,"5,2",oui,,,,,
10925,8746,2179,1 789,390,"3,6",oui,,,,,
8190,9372,-1182,-1 441,259,"3,2",oui,,,,,
9888,2647,7241,7 080,161,"1,6",oui,,,,,
9785,7635,2150,2 060,90,"0,9",non,,,,,
11608,10242,1366,1 168,198,"1,7",oui,,,,,
10190,9638,552,127,425,"4,2",oui,,,,,
11219,9631,1588,1 105,483,"4,3",oui,,,,,
6079,3332,2747,2 581,166,"2,7",oui,,,,,
7007,7713,-706,-822,116,"1,7",non,,,,,
6687,11254,-4567,-4 986,419,"6,3",oui,,,,,
9565,12999,-3434,-3 646,212,"2,2",oui,,,,,
6195,3927,2268,2 053,215,"3,5",oui,,,,,
10192,3506,6686,6 631,55,"0,5",non,,,,,
8780,5063,3717,3 228,489,"5,6",oui,,,,,
6707,4550,2157,1 776,381,"5,7",oui,,,,,
8756,11898,-3142,-3 484,342,"3,9",oui,,,,,
9797,9843,-46,-262,216,"2,2",oui,,,,,
7998,2610,5388,5 218,170,"2,1",oui,,,,,
11163,7589,3574,3 426,148,"1,3",non,,,,,
9174,6546,2628,2 391,237,"2,6",oui,,,,,